{"stats":{"minecraft:picked_up":{"minecraft:dirt":1},"minecraft:custom":{"minecraft:jump":207,"minecraft:time_since_rest":4731,"minecraft:leave_game":1,"minecraft:walk_on_water_one_cm":98,"minecraft:crouch_one_cm":30,"minecraft:play_one_minute":4731,"minecraft:sprint_one_cm":18113,"minecraft:damage_taken":20,"minecraft:time_since_death":4731,"minecraft:walk_one_cm":11620,"minecraft:sneak_time":35,"minecraft:fall_one_cm":6490,"minecraft:fly_one_cm":35854},"minecraft:used":{"minecraft:dirt":1},"minecraft:mined":{"minecraft:spruce_log":1,"minecraft:spruce_leaves":1,"minecraft:grass_block":1}},"DataVersion":2586}