{"stats":{"minecraft:picked_up":{"minecraft:oak_log":64,"minecraft:gravel":8},"minecraft:custom":{"minecraft:jump":92,"minecraft:time_since_rest":10844,"minecraft:leave_game":1,"minecraft:damage_dealt":16,"minecraft:crouch_one_cm":466,"minecraft:play_one_minute":10844,"minecraft:sprint_one_cm":3221,"minecraft:damage_taken":10,"minecraft:time_since_death":10844,"minecraft:walk_one_cm":14114,"minecraft:sneak_time":255,"minecraft:interact_with_crafting_table":1,"minecraft:fall_one_cm":2334,"minecraft:fly_one_cm":171785},"minecraft:used":{"minecraft:oak_planks":45,"minecraft:wooden_sword":2,"minecraft:gravel":2},"minecraft:crafted":{"minecraft:wooden_sword":1,"minecraft:oak_planks":256,"minecraft:stick":4},"minecraft:mined":{"minecraft:large_fern":2,"minecraft:gravel":5}},"DataVersion":2586}