{"stats":{"minecraft:picked_up":{"minecraft:spruce_log":10,"minecraft:coal":18,"minecraft:dirt":1,"minecraft:cobblestone":17},"minecraft:custom":{"minecraft:time_since_rest":5690,"minecraft:play_one_minute":5690,"minecraft:crouch_one_cm":2882,"minecraft:sprint_one_cm":7830,"minecraft:walk_one_cm":5506,"minecraft:sneak_time":972,"minecraft:jump":74,"minecraft:time_since_death":5690,"minecraft:interact_with_crafting_table":3,"minecraft:fall_one_cm":2475,"minecraft:fly_one_cm":9520},"minecraft:used":{"minecraft:dirt":1,"minecraft:crafting_table":1,"minecraft:stone_pickaxe":22,"minecraft:wooden_pickaxe":13,"minecraft:spruce_log":2},"minecraft:crafted":{"minecraft:stone_sword":1,"minecraft:stone_axe":1,"minecraft:crafting_table":1,"minecraft:spruce_planks":32,"minecraft:stick":8,"minecraft:stone_pickaxe":1,"minecraft:wooden_pickaxe":1},"minecraft:mined":{"minecraft:large_fern":1,"minecraft:grass_block":1,"minecraft:coal_ore":18,"minecraft:spruce_leaves":2,"minecraft:spruce_log":10,"minecraft:stone":17}},"DataVersion":2586}