{"stats":{"minecraft:picked_up":{"minecraft:spruce_log":10,"minecraft:coal":18,"minecraft:dirt":1,"minecraft:cobblestone":17},"minecraft:custom":{"minecraft:time_since_rest":17574,"minecraft:play_one_minute":17574,"minecraft:crouch_one_cm":3029,"minecraft:sprint_one_cm":14812,"minecraft:damage_taken":16,"minecraft:walk_one_cm":24612,"minecraft:sneak_time":1023,"minecraft:drop":1,"minecraft:jump":205,"minecraft:leave_game":1,"minecraft:time_since_death":17574,"minecraft:interact_with_crafting_table":3,"minecraft:fall_one_cm":2475,"minecraft:fly_one_cm":110712},"minecraft:used":{"minecraft:dirt":1,"minecraft:crafting_table":1,"minecraft:grass_block":5,"minecraft:stone_pickaxe":22,"minecraft:wooden_pickaxe":13,"minecraft:spruce_log":2},"minecraft:crafted":{"minecraft:stone_sword":1,"minecraft:stone_axe":1,"minecraft:crafting_table":1,"minecraft:spruce_planks":32,"minecraft:stick":8,"minecraft:stone_pickaxe":1,"minecraft:wooden_pickaxe":1},"minecraft:dropped":{"minecraft:oak_log":64},"minecraft:mined":{"minecraft:large_fern":1,"minecraft:grass_block":1,"minecraft:coal_ore":18,"minecraft:spruce_leaves":2,"minecraft:spruce_log":10,"minecraft:stone":17}},"DataVersion":2586}